{
  "Author": "status102",
  "Name": "Trade Recorder",
  "InternalName": "TradeRecorder",
  "AssemblyVersion": "0.1.0.0",
  "Description": "根据预期价格计算预期交易金额，并记录交易历史",
  "ApplicableVersion": "any",
  "RepoUrl": "https://github.com/status102/TradeRecorder",
  "Tags": [
    "Trade",
    "MarketBoard",
    "RetainerSell"
  ],
  "DalamudApiLevel": 7,
  "LoadPriority": 0,
  "ImageUrls": [
    "https://github.com/status102/TradeRecorder/raw/master/Image/History.png",
    "https://github.com/status102/TradeRecorder/raw/master/Image/Setting.png"
  ],
  "Punchline": "根据预期价格计算预期交易金额，并记录交易历史"
}