{
  "Author": "status102",
  "Name": "Trade Buddy",
  "InternalName": "TradeBuddy",
  "AssemblyVersion": "0.0.3.0",
  "Description": "记录交易历史，根据预期价格计算预期交易金额。雇员出售列表中的道具如果有设置预期价格，单价绿色为大于等于预期价格，小于时则为红色。在市场布告板搜索道具时，在物品名字处显示预期价格。",
  "ApplicableVersion": "any",
  "RepoUrl": "https://github.com/status102/TradeBuddy",
  "Tags": [
    "Trade",
    "MarketBoard",
    "RetainerSell"
  ],
  "DalamudApiLevel": 7,
  "LoadPriority": 0,
  "ImageUrls": [
    "https://github.com/status102/TradeBuddy/raw/master/Image/History.png",
    "https://github.com/status102/TradeBuddy/raw/master/Image/Setting_.png"
  ],
  "Punchline": "记录交易历史，根据预期价格计算交易金额，并在雇员出售列表和市场布告板"
}